<?xml version="1.0" encoding="UTF-8"?><adtree>
  <node refinement="conjunctive">
    <label>Attaquer la STAR</label>
    <node refinement="disjunctive">
      <label>Bloquer le metro</label>
      <node refinement="disjunctive">
        <label>Mettre les wagons
hors service</label>
        <parameter domainId="DiffLMHE2">H</parameter>
        <parameter domainId="MinCost3">1000.0</parameter>
        <parameter domainId="ProbSucc4">0.4</parameter>
        <parameter domainId="MinTimePar5">3.0</parameter>
      </node>
      <node refinement="conjunctive">
        <label>Bloquer l'acces
aux bouches</label>
        <node refinement="disjunctive">
          <label>Savonner les escaliers</label>
          <parameter domainId="DiffLMHE2">L</parameter>
          <parameter domainId="MinCost3">50.0</parameter>
          <parameter domainId="ProbSucc4">0.75</parameter>
          <parameter domainId="MinTimePar5">1.0</parameter>
          <node refinement="disjunctive" switchRole="yes">
            <label>Mettre des tapis
antiderapants</label>
            <parameter domainId="ProbSucc4">0.0</parameter>
          </node>
        </node>
        <node refinement="disjunctive">
          <label>Retirer les boutons
d'ascenceur</label>
          <parameter domainId="DiffLMHE2">L</parameter>
          <parameter domainId="MinCost3">20.0</parameter>
          <parameter domainId="ProbSucc4">0.95</parameter>
          <parameter domainId="MinTimePar5">1.0</parameter>
          <node refinement="disjunctive" switchRole="yes">
            <label>Cache en plastique sur
boutons tactiles</label>
            <parameter domainId="ProbSucc4">0.0</parameter>
          </node>
        </node>
        <node refinement="disjunctive">
          <label>Faire fondre les
marches de l'escalator</label>
          <parameter domainId="DiffLMHE2">H</parameter>
          <parameter domainId="MinCost3">2000.0</parameter>
          <parameter domainId="ProbSucc4">1.0</parameter>
          <parameter domainId="MinTimePar5">2.0</parameter>
          <node refinement="disjunctive" switchRole="yes">
            <label>Revetement en diamant</label>
            <parameter domainId="ProbSucc4">0.0</parameter>
          </node>
        </node>
      </node>
      <node refinement="disjunctive">
        <label>Bloquer la voie</label>
        <node refinement="disjunctive">
          <label>Demolir les rails</label>
          <parameter domainId="DiffLMHE2">H</parameter>
          <parameter domainId="MinCost3">200.0</parameter>
          <parameter domainId="ProbSucc4">1.0</parameter>
          <parameter domainId="MinTimePar5">4.0</parameter>
          <node refinement="disjunctive" switchRole="yes">
            <label>Revetement en diamant</label>
            <parameter domainId="ProbSucc4">0.0</parameter>
          </node>
        </node>
        <node refinement="disjunctive">
          <label>Faire s'ecrouler
le tunnel</label>
          <node refinement="disjunctive">
            <label>Appeler le Joker</label>
            <parameter domainId="DiffLMHE2">H</parameter>
            <parameter domainId="MinCost3">100.0</parameter>
            <parameter domainId="ProbSucc4">0.1</parameter>
            <parameter domainId="MinTimePar5">1.0</parameter>
            <node refinement="disjunctive" switchRole="yes">
              <label>Appeler Batman</label>
              <parameter domainId="ProbSucc4">0.0</parameter>
            </node>
          </node>
          <node refinement="disjunctive">
            <label>Dresser des vers
de terre geants</label>
            <parameter domainId="DiffLMHE2">E</parameter>
            <parameter domainId="MinCost3">6000.0</parameter>
            <parameter domainId="ProbSucc4">0.25</parameter>
            <parameter domainId="MinTimePar5">200.0</parameter>
            <node refinement="disjunctive" switchRole="yes">
              <label>Appeler les aigles geants
a la rescousse</label>
              <parameter domainId="ProbSucc4">0.0</parameter>
            </node>
          </node>
        </node>
      </node>
      <node refinement="disjunctive">
        <label>Declencher une
innondation</label>
        <parameter domainId="DiffLMHE2">M</parameter>
        <parameter domainId="MinCost3">60.0</parameter>
        <parameter domainId="ProbSucc4">0.5</parameter>
        <parameter domainId="MinTimePar5">5.0</parameter>
      </node>
    </node>
    <node refinement="disjunctive">
      <label>Bloquer le bus</label>
      <node refinement="disjunctive">
        <label>Prendre le conducteur
en otage</label>
        <parameter domainId="DiffLMHE2">M</parameter>
        <parameter domainId="MinCost3">20.0</parameter>
        <parameter domainId="ProbSucc4">0.85</parameter>
        <parameter domainId="MinTimePar5">1.0</parameter>
      </node>
      <node refinement="disjunctive">
        <label>Crever les pneus</label>
        <node refinement="disjunctive">
          <label>Mettre des clous
sur la route</label>
          <parameter domainId="DiffLMHE2">L</parameter>
          <parameter domainId="MinCost3">50.0</parameter>
          <parameter domainId="ProbSucc4">0.75</parameter>
          <parameter domainId="MinTimePar5">2.0</parameter>
          <node refinement="disjunctive" switchRole="yes">
            <label>Equiper les bus de
chenilles</label>
            <parameter domainId="ProbSucc4">0.0</parameter>
          </node>
        </node>
        <node refinement="disjunctive">
          <label>Taillader
au couteau</label>
          <parameter domainId="DiffLMHE2">M</parameter>
          <parameter domainId="MinCost3">40.0</parameter>
          <parameter domainId="ProbSucc4">0.9</parameter>
          <parameter domainId="MinTimePar5">4.0</parameter>
          <node refinement="disjunctive" switchRole="yes">
            <label>Equiper les bus de
chenilles</label>
            <parameter domainId="ProbSucc4">0.0</parameter>
          </node>
        </node>
      </node>
      <node refinement="disjunctive">
        <label>S'allonger sur
la route</label>
        <parameter domainId="DiffLMHE2">L</parameter>
        <parameter domainId="MinCost3">0.0</parameter>
        <parameter domainId="ProbSucc4">0.5</parameter>
        <parameter domainId="MinTimePar5">0.0</parameter>
      </node>
      <node refinement="disjunctive">
        <label>Etaler de la confiture
a la groseille sur le
pare-brise</label>
        <parameter domainId="DiffLMHE2">L</parameter>
        <parameter domainId="MinCost3">40.0</parameter>
        <parameter domainId="ProbSucc4">0.75</parameter>
        <parameter domainId="MinTimePar5">3.0</parameter>
        <node refinement="disjunctive" switchRole="yes">
          <label>Offrir du cafe et des
croissants le matin</label>
          <parameter domainId="ProbSucc4">0.0</parameter>
        </node>
      </node>
    </node>
    <node refinement="disjunctive">
      <label>Attaquer la direction</label>
      <node refinement="disjunctive">
        <label>Faire une prise d'otage</label>
        <parameter domainId="DiffLMHE2">H</parameter>
        <parameter domainId="MinCost3">60.0</parameter>
        <parameter domainId="ProbSucc4">0.65</parameter>
        <parameter domainId="MinTimePar5">2.0</parameter>
      </node>
      <node refinement="disjunctive">
        <label>Distribuer des petits
fours au somnifere</label>
        <parameter domainId="DiffLMHE2">M</parameter>
        <parameter domainId="MinCost3">30.0</parameter>
        <parameter domainId="ProbSucc4">0.75</parameter>
        <parameter domainId="MinTimePar5">3.0</parameter>
        <node refinement="disjunctive" switchRole="yes">
          <label>Avoir un gouteur au
siege de la STAR</label>
          <parameter domainId="ProbSucc4">0.0</parameter>
        </node>
      </node>
    </node>
  </node>
  <domain id="DiffLMHE2">
    <class>lu.uni.adtool.domains.predefined.DiffLMHE</class>
    <tool>ADTool</tool>
  </domain>
  <domain id="MinCost3">
    <class>lu.uni.adtool.domains.predefined.MinCost</class>
    <tool>ADTool</tool>
  </domain>
  <domain id="ProbSucc4">
    <class>lu.uni.adtool.domains.predefined.ProbSucc</class>
    <tool>ADTool</tool>
  </domain>
  <domain id="MinTimePar5">
    <class>lu.uni.adtool.domains.predefined.MinTimePar</class>
    <tool>ADTool</tool>
  </domain>
</adtree>
